{"username":"ajiadit1233","access_token":"","init_data":"user=%7B%22id%22%3A6582993408%2C%22first_name%22%3A%22Dewa%22%2C%22last_name%22%3A%22Nyoman%22%2C%22username%22%3A%22ajiadit1233%22%2C%22language_code%22%3A%22en%22%2C%22allows_write_to_pm%22%3Atrue%7D&chat_instance=-7349846465336126484&chat_type=private&start_param=r_3132_1129629&auth_date=1723172935&hash=7b34f9ff6598fcfd7ad9e5bde5c5d1dfbc9638141c4db9a87d2b87c2eb142daf","use_proxy":false,"proxy_hostname":"","proxy_protocol":"socks5","proxy_port":0,"proxy_username":"","proxy_password":""}