{"username":"albertzech","access_token":"","init_data":"user=%7B%22id%22%3A7376808389%2C%22first_name%22%3A%22Albert%20Zechariah%22%2C%22last_name%22%3A%22%22%2C%22username%22%3A%22albertzech%22%2C%22language_code%22%3A%22en%22%2C%22allows_write_to_pm%22%3Atrue%7D&chat_instance=3712899638777398324&chat_type=channel&start_param=r_3132_7120738&auth_date=1722985851&hash=47deff94321fa78782a9ceb80872fc66010f88001293c79658db62d0b0c64ce5","use_proxy":false,"proxy_hostname":"","proxy_protocol":"socks5","proxy_port":0,"proxy_username":"","proxy_password":""}